Datetime,Water Level (m)
2025-03-24 06:00:00,-0.7109823
2025-03-24 07:00:00,-0.7229469
2025-03-24 08:00:00,-0.6357498
2025-03-24 09:00:00,-0.45599493
2025-03-24 10:00:00,-0.23398983
2025-03-24 11:00:00,-0.02494431
2025-03-24 12:00:00,0.123590425
2025-03-24 13:00:00,0.19668017
2025-03-24 14:00:00,0.18748607
2025-03-24 15:00:00,0.079587415
2025-03-24 16:00:00,-0.111052535
2025-03-24 17:00:00,-0.31285965
2025-03-24 18:00:00,-0.47449923
2025-03-24 19:00:00,-0.5969373
2025-03-24 20:00:00,-0.67788535
2025-03-24 21:00:00,-0.6965347
2025-03-24 22:00:00,-0.6103788
2025-03-24 23:00:00,-0.41324642
2025-03-25 00:00:00,-0.2501561
2025-03-25 01:00:00,-0.13553272
2025-03-25 02:00:00,-0.08553139
2025-03-25 03:00:00,-0.10515731
2025-03-25 04:00:00,-0.21796946
2025-03-25 05:00:00,-0.40755934
2025-03-25 06:00:00,-0.5811898
2025-03-25 07:00:00,-0.707693
2025-03-25 08:00:00,-0.78582036
2025-03-25 09:00:00,-0.78715277
2025-03-25 10:00:00,-0.5795188
2025-03-25 11:00:00,-0.25631875
2025-03-25 12:00:00,0.032053933
2025-03-25 13:00:00,0.22906856
2025-03-25 14:00:00,0.33571106
2025-03-25 15:00:00,0.34334266
2025-03-25 16:00:00,0.21948004
2025-03-25 17:00:00,-0.034538627
2025-03-25 18:00:00,-0.30954373
2025-03-25 19:00:00,-0.5286053
2025-03-25 20:00:00,-0.7002807
2025-03-25 21:00:00,-0.8212042
2025-03-25 22:00:00,-0.86774844
2025-03-25 23:00:00,-0.65184563
2025-03-26 00:00:00,-0.2989199
2025-03-26 01:00:00,-0.048580077
2025-03-26 02:00:00,0.115481816
2025-03-26 03:00:00,0.18646827
2025-03-26 04:00:00,0.1388403
2025-03-26 05:00:00,-0.04128911
2025-03-26 06:00:00,-0.30462757
2025-03-26 07:00:00,-0.5165191
2025-03-26 08:00:00,-0.68500733
2025-03-26 09:00:00,-0.8137483
2025-03-26 10:00:00,-0.86817265
2025-03-26 11:00:00,-0.5981252
2025-03-26 12:00:00,-0.17719021
2025-03-26 13:00:00,0.17048231
2025-03-26 14:00:00,0.4208283
2025-03-26 15:00:00,0.55689746
2025-03-26 16:00:00,0.5430498
2025-03-26 17:00:00,0.35273662
2025-03-26 18:00:00,0.017556662
2025-03-26 19:00:00,-0.2829824
2025-03-26 20:00:00,-0.520497
2025-03-26 21:00:00,-0.71765333
2025-03-26 22:00:00,-0.87650025
2025-03-26 23:00:00,-0.9305146
2025-03-27 00:00:00,-0.55062145
2025-03-27 01:00:00,-0.14954819
2025-03-27 02:00:00,0.1679003
2025-03-27 03:00:00,0.39423668
2025-03-27 04:00:00,0.47956344
2025-03-27 05:00:00,0.37076327
2025-03-27 06:00:00,0.07276796
2025-03-27 07:00:00,-0.25123674
2025-03-27 08:00:00,-0.49496892
2025-03-27 09:00:00,-0.69161284
2025-03-27 10:00:00,-0.8509854
2025-03-27 11:00:00,-0.9132992
2025-03-27 12:00:00,-0.5151235
2025-03-27 13:00:00,-0.018277753
2025-03-27 14:00:00,0.39458227
2025-03-27 15:00:00,0.6874107
2025-03-27 16:00:00,0.79677445
2025-03-27 17:00:00,0.70354414
2025-03-27 18:00:00,0.39851916
2025-03-27 19:00:00,0.007833007
2025-03-27 20:00:00,-0.2927844
2025-03-27 21:00:00,-0.5356244
2025-03-27 22:00:00,-0.73988324
2025-03-27 23:00:00,-0.88325506
2025-03-28 00:00:00,-0.8379878
2025-03-28 01:00:00,-0.28008294
2025-03-28 02:00:00,0.1326837
2025-03-28 03:00:00,0.48630217
2025-03-28 04:00:00,0.7196207
2025-03-28 05:00:00,0.7362757
2025-03-28 06:00:00,0.522669
2025-03-28 07:00:00,0.13159743
2025-03-28 08:00:00,-0.19897443
2025-03-28 09:00:00,-0.44576794
2025-03-28 10:00:00,-0.6633113
2025-03-28 11:00:00,-0.8377507
2025-03-28 12:00:00,-0.8622922
2025-03-28 13:00:00,-0.26207906
2025-03-28 14:00:00,0.22150277
2025-03-28 15:00:00,0.6239802
2025-03-28 16:00:00,0.8857499
2025-03-28 17:00:00,0.92813957
2025-03-28 18:00:00,0.73353356
2025-03-28 19:00:00,0.31897107
2025-03-28 20:00:00,-0.05133031
2025-03-28 21:00:00,-0.3253973
2025-03-28 22:00:00,-0.56449467
2025-03-28 23:00:00,-0.77731186
2025-03-29 00:00:00,-0.92693114
2025-03-29 01:00:00,-0.78635484
2025-03-29 02:00:00,-0.11720387
2025-03-29 03:00:00,0.3513964
2025-03-29 04:00:00,0.70964926
2025-03-29 05:00:00,0.8726455
2025-03-29 06:00:00,0.80111444
2025-03-29 07:00:00,0.48387167
2025-03-29 08:00:00,0.07482388
2025-03-29 09:00:00,-0.235932
2025-03-29 10:00:00,-0.48174247
2025-03-29 11:00:00,-0.7030958
2025-03-29 12:00:00,-0.87565887
2025-03-29 13:00:00,-0.8407011
2025-03-29 14:00:00,-0.15976585
2025-03-29 15:00:00,0.33726057
2025-03-29 16:00:00,0.7405504
2025-03-29 17:00:00,0.9553341
2025-03-29 18:00:00,0.91303295
2025-03-29 19:00:00,0.6187029
2025-03-29 20:00:00,0.1851629
2025-03-29 21:00:00,-0.15818977
2025-03-29 22:00:00,-0.4272422
2025-03-29 23:00:00,-0.6661453
2025-03-30 00:00:00,-0.869193
2025-03-30 01:00:00,-0.97795576
2025-03-30 02:00:00,-0.5267514
2025-03-30 03:00:00,0.08059915
2025-03-30 04:00:00,0.55520487
2025-03-30 05:00:00,0.8767019
2025-03-30 06:00:00,0.96379983
